{"cameraMode":{"drawMode":0,"name":"Shaded","section":"Shading Mode"},"sceneLighting":true,"audioPlay":false,"sceneViewState":{"showFog":true,"showMaterialUpdate":false,"showSkybox":true,"showFlares":true,"showImageEffects":true,"showParticleSystems":true},"in2DMode":false,"pivot":{"x":0.19903564453125,"y":1.7638397216796876,"z":-0.8359375},"rotation":{"x":-0.000004276160780136706,"y":0.9998456239700317,"z":0.005997685715556145,"w":0.016518814489245416},"size":5.522942543029785,"orthographic":true}