{"cameraMode":{"drawMode":0,"name":"Shaded","section":"Shading Mode"},"sceneLighting":false,"audioPlay":false,"sceneViewState":{"showFog":true,"showMaterialUpdate":false,"showSkybox":false,"showFlares":true,"showImageEffects":true,"showParticleSystems":true},"in2DMode":false,"pivot":{"x":104.6799087524414,"y":2.0490384101867677,"z":38.974754333496097},"rotation":{"x":-0.0021359766833484174,"y":0.994114875793457,"z":-0.10628017783164978,"w":-0.020871087908744813},"size":1.4783998727798463,"orthographic":false}