{"cameraMode":{"drawMode":0,"name":"Shaded","section":"Shading Mode"},"sceneLighting":false,"audioPlay":false,"sceneViewState":{"showFog":true,"showMaterialUpdate":false,"showSkybox":false,"showFlares":true,"showImageEffects":true,"showParticleSystems":true},"in2DMode":false,"pivot":{"x":13.36495304107666,"y":0.4265270531177521,"z":-2.3592119216918947},"rotation":{"x":-0.0021359766833484174,"y":0.994114875793457,"z":-0.10628017783164978,"w":-0.020871087908744813},"size":0.32670003175735476,"orthographic":false}