{"cameraMode":{"drawMode":0,"name":"Shaded","section":"Shading Mode"},"sceneLighting":false,"audioPlay":false,"sceneViewState":{"showFog":true,"showMaterialUpdate":false,"showSkybox":false,"showFlares":true,"showImageEffects":true,"showParticleSystems":true},"in2DMode":false,"pivot":{"x":9.805521965026856,"y":0.7088817358016968,"z":-6.764011383056641},"rotation":{"x":-0.0021359766833484174,"y":0.994114875793457,"z":-0.10628017783164978,"w":-0.020871087908744813},"size":3.1496999263763429,"orthographic":false}