{"cameraMode":{"drawMode":0,"name":"Shaded","section":"Shading Mode"},"sceneLighting":false,"audioPlay":false,"sceneViewState":{"showFog":true,"showMaterialUpdate":false,"showSkybox":false,"showFlares":true,"showImageEffects":true,"showParticleSystems":true},"in2DMode":false,"pivot":{"x":-0.03585052490234375,"y":1.7385978698730469,"z":0.36358642578125},"rotation":{"x":-0.00028351155924610794,"y":-0.999580442905426,"z":-0.010495992377400399,"w":0.026995385065674783},"size":0.3101389706134796,"orthographic":true}