{"cameraMode":{"drawMode":0,"name":"Shaded","section":"Shading Mode"},"sceneLighting":false,"audioPlay":false,"sceneViewState":{"showFog":true,"showMaterialUpdate":false,"showSkybox":false,"showFlares":true,"showImageEffects":true,"showParticleSystems":true},"in2DMode":false,"pivot":{"x":57.54329299926758,"y":0.597370982170105,"z":10.519490242004395},"rotation":{"x":-0.0021359766833484174,"y":0.994114875793457,"z":-0.10628017783164978,"w":-0.020871087908744813},"size":2.3110499382019045,"orthographic":false}