{"cameraMode":{"drawMode":0,"name":"Shaded","section":"Shading Mode"},"sceneLighting":false,"audioPlay":false,"sceneViewState":{"showFog":true,"showMaterialUpdate":false,"showSkybox":false,"showFlares":true,"showImageEffects":true,"showParticleSystems":true},"in2DMode":false,"pivot":{"x":57.52375030517578,"y":0.791926920413971,"z":11.080178260803223},"rotation":{"x":-0.001780683291144669,"y":0.990195095539093,"z":-0.1390395164489746,"w":-0.01336310151964426},"size":7.248891353607178,"orthographic":false}