{"cameraMode":{"drawMode":0,"name":"Shaded","section":"Shading Mode"},"sceneLighting":true,"audioPlay":false,"sceneViewState":{"showFog":true,"showMaterialUpdate":false,"showSkybox":true,"showFlares":true,"showImageEffects":true,"showParticleSystems":true},"in2DMode":false,"pivot":{"x":-0.1264495849609375,"y":1.15325927734375,"z":-0.94775390625},"rotation":{"x":-0.0003771510673686862,"y":0.9993916153907776,"z":-0.031495675444602969,"w":-0.014976237900555134},"size":3.5097272396087648,"orthographic":true}