{"cameraMode":{"drawMode":0,"name":"Shaded","section":"Shading Mode"},"sceneLighting":true,"audioPlay":false,"sceneViewState":{"showFog":true,"showMaterialUpdate":false,"showSkybox":true,"showFlares":true,"showImageEffects":true,"showParticleSystems":true},"in2DMode":false,"pivot":{"x":0.22132878005504609,"y":0.6483376026153565,"z":-0.5885183811187744},"rotation":{"x":0.005301482044160366,"y":0.994198739528656,"z":-0.09122124314308167,"w":0.05674031376838684},"size":3.255650758743286,"orthographic":false}