{"cameraMode":{"drawMode":0,"name":"Shaded","section":"Shading Mode"},"sceneLighting":false,"audioPlay":false,"sceneViewState":{"showFog":true,"showMaterialUpdate":false,"showSkybox":false,"showFlares":true,"showImageEffects":true,"showParticleSystems":true},"in2DMode":false,"pivot":{"x":-1.6916580200195313,"y":0.49004364013671877,"z":0.7489013671875},"rotation":{"x":-0.0003771510673686862,"y":0.9993916153907776,"z":-0.031495675444602969,"w":-0.014976237900555134},"size":2.2054977416992189,"orthographic":true}