{"cameraMode":{"drawMode":0,"name":"Shaded","section":"Shading Mode"},"sceneLighting":false,"audioPlay":false,"sceneViewState":{"showFog":true,"showMaterialUpdate":false,"showSkybox":false,"showFlares":true,"showImageEffects":true,"showParticleSystems":true},"in2DMode":false,"pivot":{"x":57.23239517211914,"y":0.5027120113372803,"z":10.308502197265625},"rotation":{"x":-0.004854883067309856,"y":0.989851176738739,"z":-0.13747964799404145,"w":-0.03564418852329254},"size":6.3200860023498539,"orthographic":false}