{"cameraMode":{"drawMode":0,"name":"Shaded","section":"Shading Mode"},"sceneLighting":false,"audioPlay":false,"sceneViewState":{"showFog":true,"showMaterialUpdate":false,"showSkybox":false,"showFlares":true,"showImageEffects":true,"showParticleSystems":true},"in2DMode":false,"pivot":{"x":0.2947385907173157,"y":1.1037085056304932,"z":0.65380859375},"rotation":{"x":0.000008966511813923717,"y":-0.9999909996986389,"z":-0.0029999774415045978,"w":-0.002999855438247323},"size":1.6775798797607422,"orthographic":true}