{"cameraMode":{"drawMode":0,"name":"Shaded","section":"Shading Mode"},"sceneLighting":false,"audioPlay":false,"sceneViewState":{"showFog":true,"showMaterialUpdate":false,"showSkybox":false,"showFlares":true,"showImageEffects":true,"showParticleSystems":true},"in2DMode":false,"pivot":{"x":0.2766876220703125,"y":1.99853515625,"z":12.804443359375},"rotation":{"x":-0.0003771510673686862,"y":0.9993916153907776,"z":-0.031495675444602969,"w":-0.014976237900555134},"size":0.8901149034500122,"orthographic":true}