{"cameraMode":{"drawMode":0,"name":"Shaded","section":"Shading Mode"},"sceneLighting":true,"audioPlay":false,"sceneViewState":{"showFog":true,"showMaterialUpdate":false,"showSkybox":true,"showFlares":true,"showImageEffects":true,"showParticleSystems":true},"in2DMode":false,"pivot":{"x":-0.35089111328125,"y":2.548583984375,"z":-0.9921875},"rotation":{"x":-0.0003771510673686862,"y":0.9993916153907776,"z":-0.031495675444602969,"w":-0.014976237900555134},"size":4.764639854431152,"orthographic":true}